,day,temp,img
0,11月4日,23.8~31.9℃,https://tq-s.malmam.com/images/icon/256/04.png
1,11月5日,23.9~32.3℃,https://tq-s.malmam.com/images/icon/256/04.png
2,11月6日,24.2~33℃,https://tq-s.malmam.com/images/icon/256/04.png
3,11月7日,24.6~34.6℃,https://tq-s.malmam.com/images/icon/256/01.png
4,11月8日,24.3~32.9℃,https://tq-s.malmam.com/images/icon/256/01.png
5,11月9日,22.5~30.9℃,https://tq-s.malmam.com/images/index/location_blue.png
6,11月10日,23.6~33.5℃,https://tq-s.malmam.com/images/index/arrow_left.png
7,11月11日,24.5~33.1℃,https://tq-s.malmam.com/images/index/arrow_right.png
8,11月12日,24.2~31.8℃,https://tq-s.malmam.com/images/icon/256/02.png
9,11月13日,24.1~32.8℃,https://tq-s.malmam.com/images/icon/256/04.png
10,11月14日,23.9~31.3℃,https://tq-s.malmam.com/images/icon/256/04.png
11,11月15日,23.3~30.8℃,https://tq-s.malmam.com/images/icon/256/00.png
12,11月16日,23.3~31.4℃,https://tq-s.malmam.com/images/icon/256/00.png
13,11月17日,23.7~31.1℃,https://tq-s.malmam.com/images/icon/256/04.png
14,11月18日,23.9~28.8℃,https://tq-s.malmam.com/images/icon/256/04.png
15,11月19日,23.3~28.8℃,https://tq-s.malmam.com/images/icon/256/04.png
16,11月20日,23.3~29.4℃,https://tq-s.malmam.com/images/icon/256/00.png
17,11月21日,23.9~29.5℃,https://tq-s.malmam.com/images/icon/256/04.png
18,11月22日,23.9~29.9℃,https://tq-s.malmam.com/images/icon/256/04.png
19,11月23日,23.3~29.3℃,https://tq-s.malmam.com/images/icon/256/04.png
20,11月24日,23.9~29℃,https://tq-s.malmam.com/images/icon/256/04.png
21,11月25日,23.9~29.4℃,https://tq-s.malmam.com/images/icon/256/04.png
22,11月26日,23.3~29.1℃,https://tq-s.malmam.com/images/icon/256/04.png
23,11月27日,23.9~29.6℃,https://tq-s.malmam.com/images/icon/256/04.png
24,11月28日,23.9~29.6℃,https://tq-s.malmam.com/images/icon/256/04.png
25,,,https://tq-s.malmam.com/images/icon/256/04.png
26,,,https://tq-s.malmam.com/images/icon/256/04.png
27,,,https://tq-s.malmam.com/images/icon/256/04.png
